age,education,employment_length,income,credit_score,dti,num_credit_lines,previous_default,housing,target
45,High School,27.0,98.5,686.0,0.28,5,1,Mortgage,0
38,High School,18.0,76.6,647.0,0.096,4,0,Rent,0
47,Bachelor,26.0,127.2,690.0,0.135,7,0,Mortgage,0
58,Master,39.0,168.7,,0.12,7,0,Mortgage,0
37,High School,14.0,,699.0,0.148,8,0,Own,0
37,PhD,10.0,135.6,679.0,0.051,6,0,Mortgage,0
58,High School,40.0,129.8,687.0,0.238,1,1,Own,0
49,Bachelor,30.0,124.1,675.0,0.02,6,1,Rent,0
34,Master,11.0,117.5,688.0,0.241,1,0,Rent,0
46,Master,20.0,129.3,676.0,0.159,4,0,Own,0
34,Master,10.0,126.6,686.0,0.135,3,0,Mortgage,0
34,Master,8.0,91.2,686.0,0.034,3,0,Rent,0
42,Bachelor,,118.6,654.0,0.427,5,0,Own,0
18,Master,0.0,90.5,657.0,0.118,5,0,Mortgage,0
19,High School,7.0,60.8,637.0,,5,0,Rent,0
33,Master,9.0,156.4,652.0,0.083,9,0,Rent,0
27,Bachelor,3.0,99.2,,0.21,3,0,Rent,0
43,Master,15.0,120.9,689.0,0.137,3,1,Mortgage,0
29,Bachelor,2.0,96.6,657.0,0.262,6,0,Own,0
23,Bachelor,0.0,59.4,691.0,0.133,6,1,Own,0
57,Bachelor,36.0,152.8,688.0,0.08,3,0,Rent,0
37,Master,,111.5,625.0,0.165,7,0,Own,0
40,High School,18.0,113.7,703.0,0.159,4,0,Mortgage,0
22,High School,7.0,55.8,700.0,0.2,1,0,Rent,0
33,High School,14.0,84.2,648.0,0.317,7,0,Own,0
41,High School,24.0,,689.0,0.064,7,1,Own,0
26,Master,7.0,128.1,669.0,0.306,2,1,Mortgage,0
44,High School,,103.2,681.0,0.056,5,0,Mortgage,0
32,PhD,4.0,161.5,664.0,0.255,6,0,Rent,0
36,Bachelor,12.0,124.2,635.0,0.26,9,0,Rent,0
32,High School,8.0,91.2,669.0,0.113,3,0,Own,0
62,Master,36.0,179.5,689.0,0.087,4,0,Rent,0
39,Bachelor,17.0,123.9,675.0,0.083,10,0,Own,0
27,Bachelor,3.0,65.1,640.0,0.177,4,0,Rent,0
49,Bachelor,27.0,133.8,673.0,0.272,4,0,Rent,0
25,Master,2.0,112.7,699.0,0.149,4,0,Mortgage,0
42,High School,24.0,103.3,678.0,0.014,7,0,Rent,0
18,PhD,0.0,84.9,691.0,0.107,8,0,Mortgage,0
24,PhD,0.0,117.2,673.0,0.104,6,1,Rent,0
42,Bachelor,22.0,149.6,729.0,0.237,6,0,Mortgage,0
48,High School,27.0,134.7,651.0,0.245,3,0,Rent,0
42,Bachelor,25.0,123.1,700.0,0.187,5,0,Rent,0
38,High School,20.0,110.3,,0.306,6,1,Mortgage,0
36,High School,19.0,,692.0,0.322,2,0,Own,0
22,High School,7.0,38.4,664.0,0.112,8,0,Own,0
31,Bachelor,10.0,88.1,665.0,0.081,5,1,Own,0
34,Master,,141.4,726.0,0.157,4,0,Mortgage,0
52,Master,29.0,149.9,646.0,0.186,4,0,Own,0
44,Master,19.0,134.3,659.0,0.108,2,1,Mortgage,0
18,Bachelor,0.0,71.5,670.0,0.963,5,0,Rent,1
43,Bachelor,18.0,,732.0,0.411,5,1,Own,0
35,Bachelor,14.0,,704.0,0.1,4,0,Rent,0
31,PhD,3.0,165.3,675.0,0.067,2,0,Own,0
47,High School,29.0,111.6,670.0,0.093,4,0,Rent,0
52,Master,28.0,158.4,673.0,0.325,4,0,Rent,0
51,Bachelor,24.0,119.3,658.0,0.331,1,0,Rent,0
29,Bachelor,6.0,,720.0,0.414,8,1,Own,0
36,Master,13.0,104.5,642.0,,4,0,Rent,0
43,Bachelor,22.0,129.3,735.0,0.236,10,1,Mortgage,0
51,Master,24.0,135.5,709.0,0.086,6,0,Mortgage,0
34,PhD,10.0,129.2,724.0,0.473,3,0,Mortgage,0
37,Bachelor,13.0,101.4,668.0,0.081,6,0,Own,0
26,High School,11.0,62.9,671.0,0.054,4,1,Mortgage,0
25,Bachelor,5.0,81.9,639.0,0.064,3,0,Rent,0
49,PhD,20.0,159.8,677.0,0.165,2,0,Own,0
56,High School,44.0,144.5,700.0,0.269,3,0,Mortgage,0
39,Bachelor,14.0,101.4,719.0,0.257,5,1,Mortgage,0
52,Bachelor,33.0,147.3,654.0,0.066,3,0,Rent,0
44,Master,24.0,156.3,683.0,0.123,4,0,Own,0
32,High School,12.0,76.3,672.0,0.11,3,0,Own,0
44,Master,25.0,127.2,644.0,0.058,6,0,Rent,0
58,PhD,30.0,182.5,713.0,0.108,5,0,Mortgage,0
39,High School,22.0,115.7,663.0,0.403,5,0,Own,0
58,High School,41.0,138.9,,0.05,4,0,Mortgage,0
18,PhD,0.0,98.0,676.0,0.195,4,0,Own,0
49,High School,34.0,125.3,659.0,0.409,6,0,Mortgage,0
41,Master,20.0,115.5,683.0,0.395,4,0,Mortgage,0
36,Bachelor,9.0,122.2,682.0,0.487,6,0,Rent,0
41,High School,27.0,108.1,670.0,0.209,4,1,Rent,0
18,Master,0.0,81.4,663.0,0.231,5,0,Mortgage,0
37,Bachelor,19.0,101.4,691.0,0.11,5,0,Rent,0
44,Bachelor,26.0,114.7,732.0,0.049,4,0,Rent,0
57,Bachelor,32.0,162.0,,0.149,5,0,Rent,0
33,Bachelor,,124.4,720.0,0.352,3,0,Own,0
30,High School,9.0,70.4,634.0,0.014,4,0,Mortgage,0
33,Bachelor,11.0,112.9,692.0,0.114,6,0,Own,0
50,PhD,22.0,138.7,653.0,0.247,6,0,Mortgage,0
43,High School,28.0,97.2,633.0,0.167,1,0,Own,0
33,Bachelor,15.0,105.5,662.0,0.381,3,0,Mortgage,0
46,Bachelor,29.0,118.4,718.0,0.328,4,0,Own,0
41,Master,16.0,118.0,713.0,0.043,6,0,Rent,0
51,High School,33.0,112.0,685.0,0.178,4,0,Rent,0
31,PhD,0.0,136.4,649.0,0.089,3,0,Mortgage,0
36,Bachelor,12.0,109.2,678.0,0.088,14,0,Rent,0
35,High School,20.0,56.4,678.0,0.047,5,0,Mortgage,0
22,High School,9.0,32.2,673.0,0.2,4,0,Rent,0
43,High School,22.0,96.9,622.0,0.386,5,0,Rent,0
43,Bachelor,20.0,132.9,661.0,0.213,5,0,Mortgage,0
40,Bachelor,18.0,78.8,671.0,0.044,7,0,Own,0
37,Master,14.0,116.5,702.0,0.16,7,0,Rent,0
23,Bachelor,0.0,78.1,,0.24,7,1,Rent,0
34,High School,18.0,108.8,680.0,0.151,2,0,Rent,0
35,Bachelor,12.0,104.2,688.0,0.21,5,1,Rent,0
30,Master,6.0,115.7,715.0,0.096,3,0,Rent,0
38,High School,22.0,98.1,701.0,0.138,7,0,Own,0
44,High School,27.0,76.0,688.0,0.131,2,0,Mortgage,0
62,High School,43.0,155.5,661.0,0.433,6,0,Mortgage,0
42,Master,18.0,137.2,632.0,0.067,4,0,Rent,0
43,Bachelor,21.0,133.6,676.0,0.016,8,0,Rent,0
39,Bachelor,16.0,176.9,,0.415,5,0,Own,0
18,Master,0.0,54.7,719.0,0.182,1,0,Mortgage,0
39,Master,20.0,153.9,717.0,0.055,2,0,Own,0
40,Bachelor,20.0,115.7,697.0,0.309,3,1,Rent,0
69,Master,45.0,192.3,704.0,0.251,6,0,Mortgage,0
37,High School,22.0,93.3,662.0,0.48,8,0,Rent,0
43,High School,24.0,99.6,674.0,0.193,4,1,Mortgage,0
39,High School,,89.5,727.0,0.705,3,1,Rent,0
25,High School,9.0,74.9,651.0,0.152,6,0,Own,0
53,Bachelor,31.0,123.2,728.0,0.251,6,0,Mortgage,0
49,PhD,23.0,179.3,689.0,0.276,8,0,Own,0
49,High School,27.0,111.8,718.0,0.118,6,0,Mortgage,0
29,High School,8.0,61.0,631.0,0.115,6,0,Own,0
56,Bachelor,31.0,145.2,703.0,0.28,5,0,Mortgage,0
23,PhD,0.0,,676.0,0.05,4,0,Own,0
47,Bachelor,31.0,126.0,641.0,0.089,5,0,Rent,0
66,Bachelor,50.0,177.4,696.0,0.149,5,0,Rent,0
28,High School,12.0,65.0,705.0,0.47,6,0,Rent,0
33,High School,17.0,97.4,,0.28,11,0,Rent,0
41,PhD,8.0,162.3,653.0,0.177,8,0,Rent,0
33,PhD,4.0,163.7,699.0,,7,0,Rent,0
21,High School,1.0,,674.0,0.594,7,0,Rent,0
40,PhD,11.0,160.0,714.0,0.159,4,1,Rent,0
27,Bachelor,5.0,95.5,713.0,0.089,8,1,Rent,0
45,Master,20.0,,693.0,0.667,6,0,Own,0
28,Bachelor,1.0,85.2,737.0,0.053,2,0,Mortgage,0
58,Bachelor,39.0,167.2,697.0,0.394,4,1,Rent,0
30,Bachelor,,97.1,673.0,0.169,0,0,Own,0
36,Bachelor,15.0,111.0,,0.28,6,0,Rent,0
49,High School,38.0,119.4,673.0,0.246,0,0,Mortgage,0
25,High School,5.0,73.8,669.0,0.277,7,0,Own,0
42,Bachelor,13.0,122.3,714.0,0.706,9,0,Rent,0
55,Master,31.0,163.2,705.0,,7,0,Rent,0
20,High School,6.0,83.7,649.0,0.093,2,1,Own,0
42,Bachelor,26.0,138.8,695.0,0.24,4,0,Mortgage,0
43,PhD,12.0,169.0,719.0,0.03,8,0,Rent,0
49,High School,33.0,111.2,724.0,0.298,5,0,Own,0
25,Bachelor,2.0,76.7,707.0,0.347,5,1,Mortgage,0
24,Bachelor,2.0,102.3,711.0,0.017,6,0,Rent,0
46,Master,30.0,155.1,695.0,0.164,2,0,Mortgage,0
43,High School,21.0,128.1,698.0,0.28,4,1,Rent,0
43,Bachelor,22.0,116.9,721.0,0.216,7,0,Mortgage,0
44,Master,22.0,134.6,648.0,0.054,3,0,Mortgage,0
31,PhD,7.0,107.4,676.0,0.06,6,1,Own,0
42,Bachelor,21.0,118.1,,0.149,2,1,Mortgage,0
43,Bachelor,22.0,140.9,702.0,0.118,8,0,Rent,0
31,Bachelor,8.0,95.0,719.0,0.127,10,1,Own,0
62,Master,39.0,183.6,676.0,0.047,5,0,Rent,0
45,Bachelor,22.0,127.1,613.0,0.171,4,0,Own,0
25,High School,9.0,74.9,667.0,0.472,4,1,Mortgage,0
47,PhD,18.0,146.8,717.0,0.056,8,1,Rent,0
28,Bachelor,8.0,97.3,701.0,0.14,9,0,Mortgage,0
49,Bachelor,27.0,93.1,686.0,0.258,7,0,Own,0
53,High School,39.0,123.2,672.0,0.036,7,0,Rent,0
30,Bachelor,8.0,75.5,639.0,0.172,3,0,Own,0
51,Bachelor,24.0,160.1,707.0,0.34,8,0,Rent,0
44,Bachelor,26.0,139.7,664.0,0.068,7,0,Mortgage,0
49,High School,29.0,125.0,748.0,0.185,2,0,Mortgage,0
62,Bachelor,39.0,186.8,712.0,0.323,5,0,Mortgage,0
37,PhD,8.0,129.8,673.0,0.683,7,0,Mortgage,0
30,High School,17.0,106.2,668.0,0.178,6,0,Own,0
29,PhD,0.0,142.0,695.0,0.09,1,0,Rent,0
30,Bachelor,18.0,96.5,676.0,0.091,3,0,Rent,0
39,Master,,145.0,727.0,0.044,4,1,Rent,0
44,Master,21.0,121.4,690.0,0.498,4,0,Own,0
43,Bachelor,21.0,113.6,660.0,0.31,3,0,Rent,0
49,Master,26.0,138.9,743.0,0.06,7,0,Rent,0
40,Master,18.0,122.1,688.0,0.086,9,0,Rent,0
57,Bachelor,37.0,138.2,706.0,0.176,4,0,Mortgage,0
36,Bachelor,16.0,130.3,672.0,0.338,3,0,Rent,0
70,Bachelor,49.0,,698.0,0.24,4,0,Own,0
47,Master,23.0,149.3,700.0,0.224,4,0,Own,0
29,Master,5.0,99.4,628.0,0.194,6,0,Mortgage,0
27,Master,3.0,76.7,739.0,0.063,3,1,Mortgage,0
45,Bachelor,27.0,134.1,,0.177,10,1,Rent,0
37,Master,15.0,95.3,668.0,0.162,5,0,Rent,0
48,High School,22.0,115.0,647.0,0.043,5,0,Mortgage,0
45,Bachelor,25.0,109.5,690.0,0.489,3,0,Rent,0
39,High School,22.0,127.8,691.0,0.102,2,0,Mortgage,0
29,Bachelor,7.0,111.7,699.0,0.044,7,1,Mortgage,0
21,Bachelor,0.0,83.6,690.0,0.116,5,0,Rent,0
34,Bachelor,16.0,127.0,706.0,0.136,4,1,Rent,0
50,Bachelor,31.0,127.3,726.0,0.158,6,0,Own,0
42,Bachelor,18.0,132.2,705.0,0.134,5,1,Own,0
25,Bachelor,5.0,,653.0,0.165,4,0,Mortgage,0
42,High School,22.0,108.0,722.0,0.187,7,0,Mortgage,0
44,Bachelor,18.0,147.1,741.0,0.18,4,0,Mortgage,0
29,High School,10.0,89.0,776.0,0.223,2,0,Rent,0
41,High School,26.0,106.3,647.0,0.232,3,0,Own,0
40,Bachelor,21.0,95.2,685.0,0.237,8,0,Own,0
26,Bachelor,6.0,,617.0,0.28,5,0,Rent,0
44,Bachelor,25.0,126.2,702.0,0.092,6,1,Rent,0
46,Bachelor,26.0,133.4,670.0,0.095,2,0,Rent,0
52,Bachelor,29.0,127.0,739.0,,3,0,Own,0
52,Master,30.0,190.2,677.0,0.119,3,1,Mortgage,0
23,Bachelor,4.0,108.7,640.0,0.151,7,1,Rent,0
28,Bachelor,9.0,105.0,673.0,0.141,5,0,Mortgage,0
46,High School,32.0,,,0.667,2,0,Rent,1
46,Bachelor,27.0,128.8,708.0,0.079,2,0,Own,0
46,Bachelor,26.0,117.7,620.0,0.078,7,0,Mortgage,0
70,Bachelor,50.0,181.2,690.0,0.165,8,0,Mortgage,0
46,Bachelor,24.0,135.9,625.0,0.144,4,0,Rent,0
53,Bachelor,29.0,127.4,672.0,0.059,4,0,Rent,0
51,Bachelor,29.0,147.0,737.0,0.155,4,0,Own,0
47,Master,21.0,141.7,699.0,0.169,3,1,Rent,0
36,Master,10.0,93.4,654.0,0.11,4,0,Mortgage,0
49,Master,25.0,135.1,685.0,0.148,6,0,Own,0
30,PhD,0.0,123.8,692.0,0.086,5,0,Own,0
37,High School,19.0,122.3,702.0,,5,0,Mortgage,0
34,High School,11.0,96.3,640.0,0.119,3,0,Own,0
40,High School,23.0,80.0,691.0,0.068,6,0,Rent,0
67,Bachelor,,181.3,609.0,0.049,4,0,Rent,0
18,Master,0.0,62.8,660.0,0.024,2,0,Rent,0
48,High School,32.0,132.2,671.0,0.197,5,0,Rent,0
20,PhD,0.0,102.9,709.0,0.115,7,0,Own,0
34,High School,12.0,86.6,679.0,,8,0,Own,0
53,PhD,23.0,195.9,660.0,0.123,0,0,Mortgage,0
40,Bachelor,16.0,100.7,650.0,0.196,5,0,Mortgage,0
27,High School,7.0,53.0,678.0,0.097,4,0,Rent,0
31,Bachelor,12.0,93.2,680.0,0.161,6,0,Rent,0
48,High School,30.0,131.6,668.0,0.024,4,0,Own,0
31,High School,13.0,59.2,657.0,0.117,7,0,Own,0
42,Bachelor,14.0,81.5,694.0,0.08,2,0,Mortgage,0
40,Master,18.0,123.2,671.0,0.317,3,0,Rent,0
32,Bachelor,7.0,112.3,,0.187,3,0,Rent,0
65,Bachelor,44.0,188.0,758.0,0.287,5,0,Own,0
47,Bachelor,26.0,127.1,641.0,0.366,6,0,Own,0
18,Master,,79.8,629.0,0.11,9,0,Rent,0
42,High School,21.0,121.3,708.0,0.181,6,0,Mortgage,0
32,Bachelor,1.0,76.0,656.0,0.063,7,0,Mortgage,0
50,High School,33.0,114.2,669.0,0.218,2,0,Mortgage,0
30,High School,18.0,82.9,656.0,0.241,2,0,Mortgage,0
38,Bachelor,20.0,122.7,680.0,0.207,8,0,Mortgage,0
46,High School,29.0,104.4,726.0,0.109,8,0,Rent,0
50,Bachelor,27.0,140.5,711.0,0.52,8,0,Own,0
25,Master,4.0,62.7,702.0,0.168,7,0,Mortgage,0
35,High School,15.0,80.1,634.0,0.063,6,0,Own,0
34,Bachelor,14.0,114.8,652.0,0.257,2,0,Own,0
32,High School,16.0,69.3,589.0,0.323,7,0,Own,0
61,PhD,37.0,192.9,673.0,0.064,6,1,Rent,0
44,Bachelor,,134.7,717.0,,5,1,Rent,0
24,Master,2.0,92.9,701.0,0.044,6,0,Own,0
51,Bachelor,28.0,144.6,681.0,0.375,4,0,Rent,0
65,High School,47.0,135.6,677.0,0.154,4,0,Mortgage,0
52,Bachelor,25.0,140.9,665.0,0.08,4,1,Rent,0
21,PhD,0.0,121.2,702.0,0.326,5,0,Mortgage,0
34,Bachelor,11.0,110.4,709.0,0.165,4,1,Own,0
55,Master,30.0,151.2,639.0,0.296,7,0,Own,0
31,Master,8.0,115.4,698.0,0.228,2,0,Rent,0
45,High School,,,711.0,0.07,4,1,Rent,0
49,High School,35.0,87.3,659.0,0.106,1,0,Rent,0
28,Bachelor,7.0,113.4,711.0,0.082,6,0,Mortgage,0
39,Bachelor,17.0,113.0,768.0,0.059,1,0,Mortgage,0
18,Master,0.0,92.4,685.0,0.033,6,0,Mortgage,0
27,PhD,0.0,142.0,710.0,0.588,6,0,Rent,0
36,Bachelor,17.0,91.4,657.0,0.204,0,0,Own,0
25,High School,5.0,59.4,680.0,0.227,6,0,Rent,0
59,Master,34.0,163.7,703.0,0.351,1,0,Own,0
22,High School,4.0,52.2,680.0,0.105,4,0,Own,0
34,Master,6.0,144.0,665.0,0.047,6,1,Own,0
41,Bachelor,,109.1,688.0,,7,0,Rent,0
57,Bachelor,34.0,145.7,729.0,0.055,6,0,Own,0
22,High School,7.0,67.1,692.0,0.274,3,0,Own,0
53,Bachelor,32.0,128.0,710.0,0.04,7,0,Rent,0
40,Bachelor,19.0,114.1,677.0,,6,1,Rent,0
28,Bachelor,9.0,100.8,708.0,0.097,5,1,Mortgage,0
45,High School,27.0,105.0,687.0,0.267,7,0,Rent,0
42,Master,20.0,132.6,660.0,0.475,4,0,Own,0
32,Master,8.0,106.1,695.0,0.226,7,1,Own,0
40,High School,23.0,77.3,643.0,0.1,1,1,Own,0
35,High School,16.0,94.8,661.0,0.314,2,1,Mortgage,0
41,High School,16.0,128.3,693.0,0.039,2,0,Mortgage,0
47,Bachelor,25.0,134.3,695.0,0.074,6,1,Own,0
59,Bachelor,42.0,161.4,,0.177,8,0,Rent,0
25,Bachelor,6.0,100.4,719.0,0.285,6,0,Mortgage,0
65,High School,50.0,131.0,693.0,0.141,0,0,Rent,0
18,Bachelor,0.0,101.5,,0.129,10,0,Mortgage,0
38,Bachelor,17.0,119.0,640.0,0.136,2,0,Own,0
47,Bachelor,26.0,158.5,689.0,0.349,5,0,Own,0
43,PhD,14.0,145.0,678.0,0.087,8,0,Mortgage,0
32,High School,14.0,111.3,690.0,0.07,5,0,Rent,0
37,Bachelor,17.0,125.6,678.0,0.134,4,0,Rent,0
34,Bachelor,16.0,116.3,627.0,,3,0,Rent,0
32,Bachelor,10.0,107.5,674.0,0.095,7,0,Rent,0
50,Master,25.0,146.3,,0.135,7,0,Mortgage,0
44,Bachelor,23.0,,710.0,0.038,3,0,Own,0
31,PhD,5.0,134.1,673.0,0.14,3,0,Rent,0
50,High School,28.0,90.5,722.0,0.197,2,0,Mortgage,0
43,High School,19.0,,617.0,0.055,2,1,Rent,0
49,Master,24.0,,728.0,0.349,7,0,Rent,0
47,Bachelor,22.0,138.6,681.0,0.195,4,0,Mortgage,0
30,High School,11.0,79.2,704.0,0.108,1,0,Mortgage,0
33,High School,15.0,104.3,687.0,0.196,3,0,Rent,0
48,High School,29.0,86.7,,0.236,10,1,Rent,0
47,Master,28.0,146.2,678.0,0.028,3,0,Mortgage,0
39,High School,22.0,70.7,638.0,0.202,6,0,Mortgage,0
41,Bachelor,20.0,133.4,732.0,0.373,4,1,Mortgage,0
55,High School,39.0,128.6,677.0,0.086,5,0,Rent,0
32,Bachelor,7.0,110.3,693.0,0.11,3,0,Rent,0
46,High School,32.0,99.0,713.0,0.126,7,0,Rent,0
37,Bachelor,15.0,133.2,,0.287,5,0,Mortgage,0
37,High School,22.0,109.6,702.0,0.064,2,0,Mortgage,0
53,Master,26.0,164.8,675.0,0.228,6,0,Own,0
49,High School,27.0,116.1,676.0,0.128,3,1,Rent,0
49,Bachelor,30.0,146.7,691.0,0.49,2,0,Rent,0
55,Master,33.0,149.4,642.0,0.134,7,0,Mortgage,0
40,Bachelor,16.0,132.8,666.0,0.013,6,0,Rent,0
48,Bachelor,24.0,160.7,734.0,0.259,3,0,Rent,0
36,Bachelor,18.0,128.1,717.0,0.22,5,0,Own,0
43,Bachelor,18.0,115.1,681.0,0.189,7,0,Rent,0
38,Bachelor,21.0,121.4,694.0,0.366,4,0,Own,0
41,PhD,11.0,132.6,680.0,0.032,4,0,Mortgage,0
47,Bachelor,27.0,142.6,729.0,0.075,3,0,Mortgage,0
30,Bachelor,8.0,106.8,681.0,0.161,6,0,Rent,0
65,Master,,152.0,690.0,0.182,4,0,Rent,0
27,Bachelor,4.0,76.6,713.0,0.143,5,0,Mortgage,0
25,High School,7.0,65.8,653.0,0.038,7,0,Own,0
53,Bachelor,32.0,141.5,732.0,0.111,4,0,Own,0
49,PhD,18.0,149.9,644.0,0.467,3,0,Mortgage,0
47,High School,32.0,119.8,731.0,0.061,1,1,Mortgage,0
47,Bachelor,24.0,137.8,676.0,0.158,5,0,Mortgage,0
39,High School,21.0,95.1,671.0,0.229,8,0,Own,0
29,Bachelor,,86.7,624.0,0.282,5,0,Own,0
40,High School,15.0,115.7,671.0,0.258,5,0,Own,0
31,Bachelor,9.0,126.8,661.0,0.105,3,0,Own,0
51,Master,35.0,144.7,669.0,0.075,3,0,Mortgage,0
38,Bachelor,19.0,106.8,678.0,0.492,6,0,Own,0
30,Bachelor,8.0,107.4,715.0,0.301,5,0,Mortgage,0
36,Master,12.0,116.6,693.0,0.17,7,0,Own,0
44,PhD,17.0,155.9,704.0,,6,0,Rent,0
33,High School,17.0,97.1,649.0,0.047,8,0,Mortgage,0
30,Bachelor,5.0,71.4,,0.014,8,0,Own,0
42,High School,28.0,123.8,740.0,0.18,8,1,Rent,0
42,PhD,17.0,155.1,673.0,0.187,9,0,Rent,0
33,PhD,8.0,,742.0,0.043,5,0,Own,0
34,Bachelor,14.0,106.7,677.0,0.293,3,0,Rent,0
42,Master,19.0,133.4,689.0,0.022,4,0,Rent,0
22,Bachelor,3.0,,708.0,0.21,5,0,Rent,0
23,Bachelor,3.0,,729.0,0.246,6,0,Mortgage,0
31,High School,12.0,82.6,675.0,0.179,7,0,Rent,0
37,Master,12.0,130.6,679.0,0.037,4,0,Own,0
43,High School,26.0,120.3,682.0,0.364,6,0,Rent,0
57,Master,38.0,148.7,696.0,0.108,13,0,Own,0
50,Master,23.0,157.1,718.0,0.108,3,0,Rent,0
38,Master,10.0,122.0,687.0,0.091,7,1,Rent,0
39,High School,22.0,110.7,702.0,0.265,7,0,Own,0
27,Bachelor,6.0,62.1,724.0,0.103,2,1,Mortgage,0
39,High School,22.0,96.5,690.0,0.056,5,0,Mortgage,0
36,Bachelor,15.0,103.0,692.0,0.317,2,0,Mortgage,0
43,High School,25.0,112.5,636.0,0.155,4,0,Rent,0
30,PhD,7.0,137.1,617.0,0.325,3,0,Rent,0
46,Bachelor,20.0,121.4,695.0,,3,0,Mortgage,0
58,Bachelor,34.0,145.3,681.0,0.086,1,0,Rent,0
38,Bachelor,16.0,114.3,669.0,0.027,7,0,Mortgage,0
44,Bachelor,18.0,114.6,689.0,0.181,4,0,Own,0
48,Bachelor,26.0,148.6,688.0,0.126,9,0,Own,0
35,Bachelor,18.0,104.5,717.0,0.272,4,0,Mortgage,0
42,PhD,15.0,110.4,684.0,,6,0,Mortgage,0
40,Bachelor,19.0,114.4,661.0,,3,0,Mortgage,0
41,PhD,10.0,136.4,720.0,0.159,8,0,Mortgage,0
30,Master,5.0,85.5,674.0,,6,0,Own,0
40,High School,21.0,81.4,690.0,0.106,5,1,Own,0
45,PhD,17.0,161.6,681.0,0.046,3,0,Mortgage,0
57,High School,43.0,153.9,668.0,0.515,11,0,Own,0
51,Master,29.0,156.7,694.0,0.211,7,0,Rent,0
65,Bachelor,40.0,160.9,686.0,0.043,6,0,Rent,0
30,Master,7.0,116.8,704.0,0.498,6,0,Own,0
50,Master,,143.1,679.0,0.061,6,0,Own,0
42,Master,22.0,123.6,,0.098,6,0,Rent,0
66,Master,47.0,164.7,673.0,0.133,5,0,Mortgage,0
30,Bachelor,5.0,73.7,700.0,0.162,8,0,Mortgage,0
29,High School,,72.2,668.0,0.267,6,0,Rent,0
32,Bachelor,7.0,106.4,678.0,0.02,8,0,Rent,0
18,High School,0.0,54.6,706.0,0.164,13,1,Own,0
33,Bachelor,13.0,99.8,662.0,0.128,4,0,Own,0
30,Bachelor,11.0,85.8,634.0,0.183,1,0,Rent,0
41,PhD,,161.1,693.0,0.123,4,0,Own,0
44,Bachelor,22.0,108.2,665.0,,2,1,Own,0
62,Master,39.0,185.6,665.0,0.146,7,0,Rent,0
51,High School,31.0,107.0,671.0,0.48,4,0,Rent,0
33,Master,16.0,104.7,,0.112,5,0,Own,0
29,PhD,0.0,,,0.353,8,0,Rent,0
45,Bachelor,24.0,122.5,693.0,,6,0,Rent,0
24,Bachelor,9.0,102.6,743.0,0.171,5,0,Own,0
61,Master,38.0,179.7,683.0,0.185,2,0,Mortgage,0
54,High School,36.0,142.7,694.0,0.228,6,0,Own,0
34,Bachelor,11.0,115.8,672.0,0.119,5,0,Mortgage,0
19,Bachelor,0.0,61.4,653.0,0.336,6,0,Own,0
56,High School,43.0,,662.0,0.229,3,0,Mortgage,0
38,Bachelor,10.0,104.3,667.0,0.05,6,1,Own,0
54,High School,41.0,148.0,698.0,0.014,6,1,Mortgage,0
20,High School,0.0,42.0,743.0,0.47,4,0,Rent,0
32,High School,14.0,97.4,661.0,0.189,7,0,Mortgage,0
40,PhD,11.0,163.4,686.0,0.044,4,0,Rent,0
40,Bachelor,20.0,147.4,692.0,0.112,0,0,Own,0
34,PhD,2.0,131.9,704.0,0.301,9,0,Mortgage,0
47,Bachelor,27.0,144.7,697.0,0.139,1,0,Own,0
27,Bachelor,12.0,128.2,,0.149,6,1,Mortgage,0
38,Bachelor,12.0,106.7,610.0,0.263,4,0,Own,0
41,Bachelor,20.0,99.0,607.0,0.202,5,0,Rent,0
46,High School,27.0,83.8,657.0,0.241,6,0,Mortgage,0
48,Bachelor,28.0,146.7,722.0,0.261,8,1,Rent,0
26,High School,9.0,43.8,623.0,0.088,4,1,Own,0
21,Bachelor,0.0,76.4,,0.095,5,1,Mortgage,0
55,Bachelor,35.0,156.6,706.0,0.079,10,0,Mortgage,0
43,High School,31.0,,688.0,0.1,5,0,Mortgage,0
31,High School,,88.4,648.0,0.145,7,0,Rent,0
58,Master,37.0,,662.0,0.153,6,0,Rent,0
41,Bachelor,16.0,141.2,662.0,0.401,4,0,Rent,0
54,High School,34.0,113.7,680.0,0.195,3,0,Own,0
40,PhD,14.0,139.8,673.0,0.147,5,1,Mortgage,0
64,High School,50.0,136.4,693.0,0.064,4,0,Rent,0
61,Bachelor,41.0,174.5,,0.125,4,0,Rent,0
37,PhD,9.0,157.5,673.0,0.494,5,0,Rent,0
51,High School,33.0,128.8,,0.489,2,0,Mortgage,0
47,High School,26.0,131.8,678.0,0.124,7,0,Mortgage,0
56,High School,40.0,114.3,660.0,0.031,3,0,Rent,0
28,Bachelor,9.0,,716.0,0.111,5,0,Rent,0
48,High School,29.0,138.8,631.0,0.404,6,0,Mortgage,0
52,Bachelor,29.0,155.0,691.0,0.145,8,0,Rent,0
18,High School,1.0,82.7,702.0,0.263,5,0,Own,0
25,Bachelor,2.0,65.2,732.0,0.159,3,0,Own,0
18,PhD,0.0,98.1,675.0,0.041,3,1,Own,0
36,Master,19.0,111.0,,0.163,5,0,Rent,0
48,Bachelor,26.0,146.8,635.0,,7,0,Mortgage,0
58,Bachelor,35.0,140.2,611.0,,5,0,Rent,0
40,Bachelor,17.0,131.4,714.0,0.283,5,0,Rent,0
59,Bachelor,40.0,178.6,693.0,0.171,10,0,Mortgage,0
23,Bachelor,1.0,96.4,,0.273,2,0,Mortgage,0
19,High School,0.0,62.3,637.0,0.204,6,0,Rent,0
39,Master,19.0,113.2,700.0,0.068,7,0,Own,0
44,Bachelor,27.0,115.3,738.0,0.126,4,0,Own,0
39,High School,20.0,116.7,698.0,0.123,11,0,Own,0
18,Bachelor,0.0,87.7,695.0,0.094,5,0,Own,0
38,Bachelor,20.0,115.4,685.0,0.193,4,1,Own,0
24,Master,0.0,91.7,638.0,0.552,1,0,Rent,0
48,Master,27.0,115.6,721.0,0.337,11,0,Own,0
44,Master,15.0,121.9,666.0,0.367,3,1,Own,0
28,High School,13.0,104.7,702.0,,2,0,Own,0
33,Bachelor,8.0,86.8,632.0,0.371,7,0,Rent,0
27,Bachelor,,96.8,650.0,0.455,5,1,Rent,0
39,High School,22.0,,727.0,0.087,1,0,Rent,0
51,High School,31.0,103.2,665.0,0.221,6,0,Own,0
28,Master,3.0,108.8,732.0,0.225,4,1,Rent,0
46,High School,31.0,126.1,682.0,0.133,9,1,Own,0
33,Bachelor,12.0,106.2,630.0,,4,0,Own,0
30,High School,14.0,123.0,,0.233,9,0,Mortgage,0
38,High School,26.0,71.0,654.0,0.141,5,1,Mortgage,0
27,High School,5.0,89.9,704.0,0.326,2,0,Rent,0
33,PhD,10.0,133.4,694.0,0.051,8,0,Mortgage,0
25,Master,2.0,111.6,644.0,0.122,2,0,Rent,0
63,PhD,,202.6,704.0,0.267,7,0,Own,0
40,Bachelor,15.0,109.0,748.0,0.515,9,1,Mortgage,0
31,High School,13.0,85.4,694.0,,3,1,Own,0
42,Bachelor,23.0,96.1,676.0,0.179,3,1,Rent,0
38,Bachelor,16.0,125.0,720.0,0.146,6,1,Own,0
37,Master,18.0,128.5,696.0,0.128,7,0,Rent,0
47,High School,25.0,123.6,689.0,0.129,2,0,Rent,0
49,Bachelor,27.0,153.9,658.0,0.026,9,0,Rent,0
33,High School,12.0,91.5,687.0,0.501,5,0,Own,0
33,Bachelor,13.0,108.2,717.0,0.154,5,0,Rent,0
36,Master,15.0,108.8,659.0,,3,0,Rent,0
18,Bachelor,0.0,65.3,723.0,0.219,6,1,Mortgage,0
21,Bachelor,0.0,99.8,686.0,0.088,6,0,Mortgage,0
56,Bachelor,35.0,173.5,667.0,0.305,4,0,Rent,0
59,Bachelor,39.0,154.4,716.0,0.085,6,0,Own,0
37,Master,15.0,124.7,680.0,0.276,8,0,Mortgage,0
46,Master,26.0,128.4,708.0,0.127,4,0,Own,0
43,PhD,12.0,173.6,691.0,0.198,6,0,Own,0
70,Master,49.0,200.0,693.0,0.29,4,0,Rent,0
53,Bachelor,35.0,175.1,710.0,0.104,9,0,Mortgage,0
38,Bachelor,11.0,102.8,690.0,0.285,5,0,Own,0
28,Bachelor,7.0,90.3,623.0,0.028,7,0,Own,0
20,High School,1.0,63.5,645.0,0.432,2,1,Rent,1
42,Master,18.0,143.7,719.0,0.32,4,0,Own,0
30,High School,,76.8,674.0,0.15,4,1,Rent,0
22,PhD,0.0,100.9,673.0,0.359,7,0,Rent,0
32,Bachelor,8.0,117.2,648.0,0.334,3,0,Rent,0
27,Bachelor,6.0,104.8,655.0,0.161,4,0,Own,0
60,Bachelor,35.0,,623.0,0.16,3,0,Own,0
50,Master,23.0,170.3,693.0,0.074,3,0,Mortgage,0
39,Bachelor,20.0,135.6,673.0,0.168,2,0,Mortgage,0
57,Bachelor,32.0,156.0,659.0,0.039,10,1,Own,0
40,High School,24.0,101.2,678.0,0.273,3,0,Own,0
29,Bachelor,9.0,106.3,698.0,0.277,2,0,Own,0
58,High School,,,740.0,0.028,6,0,Rent,0
46,Master,20.0,142.5,644.0,0.405,4,0,Mortgage,0
27,Bachelor,9.0,61.7,709.0,0.097,6,0,Rent,0
37,Bachelor,13.0,127.1,718.0,,2,0,Rent,1
29,High School,10.0,54.6,648.0,0.191,4,0,Mortgage,0
23,High School,7.0,88.6,691.0,0.408,9,0,Mortgage,0
51,Master,30.0,147.0,674.0,0.072,10,0,Own,0
62,High School,44.0,140.8,686.0,0.126,5,0,Own,0
23,High School,4.0,56.6,720.0,0.104,2,0,Own,0
46,High School,33.0,107.7,697.0,,3,0,Mortgage,0
32,PhD,10.0,155.3,715.0,0.051,7,0,Mortgage,0
34,Master,13.0,80.7,664.0,,6,0,Rent,0
32,Bachelor,11.0,123.2,646.0,0.213,4,0,Own,0
29,High School,,83.1,674.0,0.065,2,0,Own,0
40,Bachelor,16.0,101.9,716.0,0.12,7,0,Own,0
30,Master,8.0,93.9,637.0,0.088,6,0,Rent,0
43,Bachelor,23.0,151.1,662.0,0.153,7,0,Own,0
39,High School,26.0,83.8,679.0,0.259,7,0,Own,0
37,High School,21.0,76.7,644.0,0.174,3,0,Mortgage,0
29,High School,7.0,95.1,660.0,0.1,3,0,Own,0
33,Bachelor,15.0,111.1,674.0,,4,0,Rent,0
49,Master,23.0,133.9,644.0,0.208,5,0,Own,0
46,High School,27.0,115.2,,,2,0,Mortgage,0
28,High School,11.0,60.6,695.0,0.065,4,0,Rent,0
41,High School,29.0,118.5,645.0,0.304,7,0,Mortgage,0
49,PhD,31.0,183.9,652.0,0.224,5,0,Rent,0
19,High School,3.0,,661.0,0.232,6,0,Mortgage,0
46,Master,22.0,147.4,713.0,0.135,4,0,Mortgage,0
32,Bachelor,12.0,130.4,687.0,0.117,9,0,Rent,0
46,Bachelor,27.0,132.0,672.0,0.503,2,0,Mortgage,0
30,High School,12.0,62.3,675.0,0.115,6,0,Rent,0
18,High School,6.0,,627.0,0.054,4,0,Rent,0
20,Bachelor,0.0,111.3,708.0,0.185,3,0,Own,0
40,Master,,,695.0,0.16,6,0,Rent,0
43,Bachelor,,120.6,672.0,0.337,7,0,Mortgage,0
29,Bachelor,9.0,104.2,716.0,0.143,8,1,Mortgage,0
47,High School,32.0,113.2,646.0,0.253,9,0,Own,0
20,PhD,0.0,95.3,722.0,0.423,5,0,Rent,0
39,Master,14.0,144.8,698.0,0.214,4,0,Own,0
25,High School,,104.8,678.0,0.069,3,0,Rent,0
32,PhD,6.0,136.9,,0.219,7,0,Own,0
40,Bachelor,21.0,106.4,678.0,0.122,4,0,Mortgage,0
29,Bachelor,9.0,74.8,714.0,0.194,8,0,Own,0
35,Master,17.0,123.9,657.0,0.161,8,0,Own,0
52,Master,,170.6,672.0,0.053,1,0,Mortgage,0
33,Bachelor,14.0,113.1,718.0,0.143,5,0,Rent,0
50,High School,29.0,120.0,663.0,0.065,4,0,Own,0
26,Bachelor,3.0,83.2,708.0,0.108,3,1,Rent,0
46,PhD,21.0,145.6,741.0,0.303,2,0,Own,0
57,High School,42.0,146.5,673.0,,8,0,Mortgage,0
18,Bachelor,0.0,89.7,708.0,0.243,8,0,Rent,0
30,Bachelor,8.0,76.8,,0.181,3,0,Own,0
46,Bachelor,20.0,155.8,716.0,0.129,4,0,Rent,0
37,Bachelor,14.0,122.6,694.0,0.195,12,0,Own,0
44,PhD,19.0,179.0,715.0,0.033,3,0,Mortgage,0
32,High School,16.0,63.9,653.0,0.274,3,0,Mortgage,0
41,High School,25.0,81.5,624.0,0.08,4,0,Mortgage,0
38,High School,21.0,93.8,694.0,0.232,3,0,Rent,0
54,Master,31.0,165.5,630.0,0.125,4,0,Rent,0
43,Bachelor,20.0,152.9,684.0,0.053,6,0,Own,0
44,High School,29.0,118.6,711.0,0.093,4,0,Rent,0
35,Master,13.0,116.4,693.0,0.233,3,0,Rent,0
34,Master,12.0,102.6,,0.611,8,0,Rent,0
34,Master,9.0,136.5,,0.153,2,0,Mortgage,0
44,PhD,10.0,143.5,671.0,0.564,3,0,Own,0
34,High School,20.0,112.4,687.0,0.033,7,1,Own,0
43,Master,18.0,131.7,686.0,0.133,3,0,Own,0
64,Bachelor,40.0,191.9,648.0,0.153,7,0,Own,0
50,Master,29.0,160.2,664.0,0.242,5,0,Own,0
36,Master,11.0,119.9,671.0,0.096,2,0,Rent,0
54,Master,34.0,150.2,,0.208,9,0,Rent,0
35,Bachelor,15.0,104.9,685.0,0.138,4,0,Own,0
18,High School,3.0,62.4,672.0,0.37,3,0,Mortgage,0
27,Bachelor,1.0,95.2,634.0,0.185,1,1,Own,0
18,PhD,0.0,97.1,702.0,0.816,2,0,Rent,1
35,PhD,8.0,137.5,715.0,0.139,6,0,Rent,0
40,High School,21.0,101.2,687.0,0.354,10,1,Rent,0
60,High School,43.0,108.1,662.0,0.431,6,1,Mortgage,0
43,High School,20.0,112.9,700.0,0.009,6,0,Own,0
37,Master,15.0,109.3,704.0,0.272,2,0,Rent,0
49,Master,22.0,130.7,693.0,0.135,4,0,Mortgage,0
18,High School,0.0,30.7,645.0,0.06,5,1,Rent,0
42,Bachelor,16.0,97.1,686.0,0.374,8,0,Own,0
49,Master,29.0,127.7,719.0,0.101,5,0,Rent,0
22,Master,0.0,83.4,666.0,0.03,3,0,Rent,0
53,Bachelor,36.0,175.3,759.0,0.188,1,0,Mortgage,0
44,Bachelor,,120.1,668.0,0.412,7,0,Own,0
35,Bachelor,8.0,112.7,687.0,0.061,7,0,Own,0
47,High School,26.0,120.0,662.0,0.297,4,0,Rent,0
67,Bachelor,49.0,176.0,695.0,0.022,4,0,Own,0
42,Bachelor,20.0,122.8,633.0,0.431,4,0,Own,0
42,Master,17.0,116.1,667.0,0.217,9,0,Own,0
34,Bachelor,13.0,129.8,659.0,0.055,1,0,Own,0
29,Master,7.0,135.1,700.0,0.278,3,0,Own,0
49,High School,35.0,92.8,703.0,0.106,4,0,Mortgage,0
29,Bachelor,12.0,82.6,699.0,0.074,3,0,Own,0
40,High School,21.0,95.8,607.0,0.104,3,0,Own,0
34,High School,13.0,73.5,736.0,0.259,8,0,Own,0
45,Master,20.0,147.6,700.0,0.07,11,0,Mortgage,0
44,PhD,17.0,147.1,668.0,0.013,4,0,Mortgage,0
52,High School,32.0,156.5,695.0,0.108,2,0,Mortgage,0
33,Bachelor,9.0,123.9,695.0,0.384,3,0,Own,0
36,Master,14.0,125.2,669.0,0.381,4,0,Mortgage,0
28,High School,10.0,91.4,689.0,0.104,2,0,Rent,0
34,Bachelor,13.0,124.6,672.0,0.101,7,0,Own,0
44,Master,18.0,129.5,674.0,0.095,2,0,Rent,0
49,Bachelor,27.0,125.8,662.0,0.092,11,0,Mortgage,0
28,High School,8.0,,636.0,0.097,5,0,Mortgage,0
50,Bachelor,31.0,152.9,695.0,0.195,5,0,Mortgage,0
56,Master,36.0,164.1,708.0,0.391,4,1,Mortgage,0
44,Bachelor,17.0,104.3,694.0,0.069,4,1,Own,0
62,High School,42.0,132.0,703.0,0.082,4,0,Rent,0
30,Master,2.0,108.9,697.0,0.212,3,0,Own,0
25,High School,6.0,68.9,662.0,0.269,5,0,Mortgage,0
18,Master,0.0,115.6,720.0,0.039,9,1,Own,0
57,High School,35.0,113.2,634.0,0.489,5,0,Mortgage,0
47,PhD,17.0,171.6,670.0,0.125,2,0,Rent,0
39,Bachelor,14.0,140.3,663.0,,6,0,Rent,0
43,Bachelor,22.0,160.1,728.0,0.037,7,0,Own,0
26,High School,9.0,65.9,705.0,0.035,5,0,Rent,0
69,Bachelor,45.0,185.4,705.0,0.349,7,0,Mortgage,0
41,Master,18.0,140.5,723.0,0.172,7,0,Own,0
41,PhD,12.0,154.9,669.0,0.351,8,0,Rent,0
48,Bachelor,26.0,134.5,696.0,0.148,7,1,Own,0
45,Bachelor,29.0,136.5,684.0,0.344,3,0,Rent,0
42,Master,23.0,96.0,703.0,0.145,4,1,Own,0
30,Master,3.0,120.2,687.0,0.241,4,0,Own,0
45,Bachelor,26.0,131.9,675.0,0.156,3,0,Mortgage,0
62,Bachelor,43.0,160.7,703.0,0.138,7,0,Rent,0
56,Bachelor,31.0,182.7,723.0,0.076,7,0,Own,0
59,Bachelor,40.0,147.9,664.0,0.265,3,0,Rent,0
33,High School,,80.0,675.0,0.061,7,0,Own,0
28,Bachelor,3.0,125.9,662.0,0.264,8,0,Own,0
38,Bachelor,14.0,103.5,607.0,0.177,3,1,Rent,0
40,Master,20.0,121.7,692.0,0.269,4,0,Own,0
53,High School,36.0,123.8,698.0,0.189,7,0,Rent,0
19,Bachelor,0.0,90.6,695.0,0.37,1,0,Rent,0
58,Bachelor,38.0,159.1,630.0,0.224,4,0,Mortgage,0
38,Bachelor,18.0,96.6,669.0,0.18,2,0,Mortgage,0
34,High School,13.0,80.0,610.0,0.011,2,0,Own,0
27,Bachelor,9.0,84.9,723.0,0.381,5,1,Rent,0
20,Bachelor,2.0,78.8,651.0,0.035,6,0,Rent,0
49,Bachelor,27.0,144.4,726.0,0.048,5,0,Own,0
40,Bachelor,18.0,,716.0,0.287,4,0,Mortgage,0
24,Bachelor,0.0,61.4,649.0,0.167,5,1,Mortgage,0
24,Master,2.0,,658.0,0.036,7,0,Rent,0
35,High School,19.0,93.8,691.0,0.1,4,0,Rent,0
60,Master,36.0,190.8,671.0,0.367,2,0,Own,0
36,Bachelor,18.0,118.7,690.0,0.185,9,0,Rent,0
21,High School,2.0,78.5,668.0,0.17,4,0,Mortgage,0
37,High School,21.0,101.0,628.0,0.09,3,1,Rent,0
36,Bachelor,11.0,132.2,624.0,0.295,4,0,Own,0
18,Master,0.0,93.8,695.0,0.151,4,0,Rent,0
39,Master,15.0,126.5,671.0,0.257,6,0,Rent,0
37,Master,14.0,158.1,682.0,0.082,4,0,Rent,0
48,Bachelor,25.0,149.3,711.0,0.613,6,0,Rent,0
62,Bachelor,40.0,172.6,725.0,,9,0,Rent,0
53,High School,38.0,106.9,667.0,0.183,3,0,Mortgage,0
36,Bachelor,13.0,92.7,669.0,0.214,3,1,Mortgage,0
26,Bachelor,0.0,96.4,700.0,0.101,8,0,Own,0
70,High School,50.0,162.2,642.0,0.272,6,0,Mortgage,0
40,High School,27.0,90.8,683.0,0.015,1,0,Rent,0
40,Bachelor,15.0,122.1,703.0,0.484,7,0,Mortgage,0
39,Master,18.0,151.8,716.0,0.261,5,0,Mortgage,0
42,PhD,13.0,164.4,640.0,0.068,7,0,Rent,0
38,PhD,11.0,128.9,666.0,0.476,5,0,Mortgage,0
33,Bachelor,12.0,104.3,658.0,0.579,2,0,Own,0
33,Bachelor,11.0,93.9,684.0,0.223,6,0,Own,0
39,Bachelor,,112.2,698.0,0.083,7,0,Rent,0
33,Master,7.0,109.8,731.0,,5,0,Mortgage,0
31,High School,11.0,74.8,662.0,0.246,6,1,Mortgage,0
41,Bachelor,17.0,103.2,665.0,0.209,5,0,Rent,0
36,Master,12.0,120.1,722.0,0.068,6,0,Rent,0
58,Bachelor,34.0,147.6,694.0,,3,0,Rent,0
18,Bachelor,0.0,32.1,708.0,0.364,4,1,Mortgage,0
53,Bachelor,36.0,176.8,705.0,0.054,5,0,Rent,0
54,High School,,144.3,651.0,0.06,8,0,Mortgage,0
18,Bachelor,0.0,70.4,642.0,0.098,10,1,Rent,0
35,Bachelor,15.0,110.3,639.0,0.141,5,1,Rent,0
35,High School,19.0,72.4,694.0,0.3,3,0,Rent,0
23,High School,6.0,91.4,721.0,0.361,7,0,Mortgage,0
30,Master,9.0,138.5,752.0,,2,0,Rent,0
26,High School,10.0,74.4,704.0,0.194,6,0,Mortgage,0
61,Bachelor,36.0,177.4,727.0,0.352,6,0,Own,0
51,High School,36.0,124.6,664.0,0.636,6,0,Rent,0
55,PhD,30.0,159.9,655.0,0.193,5,0,Mortgage,0
48,High School,28.0,109.8,704.0,0.201,0,0,Mortgage,0
26,Bachelor,5.0,94.0,697.0,0.224,6,0,Mortgage,0
33,Master,12.0,,689.0,0.129,4,0,Own,0
45,Master,21.0,136.7,700.0,0.182,6,0,Own,0
25,High School,11.0,68.6,687.0,0.02,3,0,Rent,0
48,Master,32.0,144.8,727.0,0.102,6,0,Own,0
37,Bachelor,13.0,114.8,724.0,0.24,3,0,Mortgage,0
35,Bachelor,9.0,94.1,697.0,0.076,5,0,Own,0
48,High School,31.0,105.2,702.0,0.305,2,0,Rent,0
45,High School,30.0,90.7,690.0,0.03,4,0,Own,0
35,Master,11.0,134.7,679.0,0.297,7,0,Rent,0
53,Bachelor,36.0,114.4,700.0,0.296,6,0,Rent,0
27,Bachelor,1.0,111.3,648.0,0.643,7,0,Own,1
47,Master,26.0,164.8,727.0,0.125,6,0,Rent,0
47,Master,22.0,139.5,652.0,0.167,2,1,Rent,0
36,High School,24.0,53.0,676.0,0.453,0,0,Mortgage,0
43,Bachelor,27.0,120.6,659.0,0.415,4,0,Own,0
24,High School,4.0,67.0,694.0,0.336,5,1,Rent,0
51,Master,,136.8,684.0,0.215,2,0,Mortgage,0
37,Bachelor,18.0,106.3,635.0,0.445,3,0,Mortgage,0
33,PhD,4.0,159.0,713.0,0.793,6,0,Mortgage,0
52,High School,34.0,134.0,666.0,0.256,9,0,Mortgage,0
31,High School,14.0,68.1,701.0,0.173,6,0,Rent,0
23,High School,,42.0,671.0,0.278,4,1,Rent,0
21,High School,3.0,57.1,688.0,0.191,2,0,Own,0
47,High School,27.0,110.8,651.0,0.134,6,0,Rent,0
24,PhD,0.0,125.4,677.0,0.306,7,0,Mortgage,0
61,High School,48.0,134.0,665.0,0.11,2,0,Rent,0
18,High School,0.0,63.7,705.0,0.253,6,0,Mortgage,0
60,Master,39.0,199.0,750.0,0.038,8,0,Mortgage,0
42,Bachelor,20.0,136.2,665.0,,4,0,Own,0
38,Master,14.0,125.3,720.0,0.086,6,0,Mortgage,0
33,High School,18.0,83.3,613.0,0.047,6,0,Rent,0
44,Bachelor,24.0,122.6,648.0,,1,1,Own,0
39,High School,23.0,115.7,656.0,0.457,7,0,Mortgage,0
53,High School,38.0,116.6,,0.212,6,1,Rent,0
41,PhD,13.0,152.7,647.0,0.155,5,0,Mortgage,0
41,High School,22.0,,692.0,0.127,3,0,Rent,0
35,Bachelor,10.0,102.5,,0.203,7,0,Rent,0
39,Bachelor,15.0,97.4,691.0,0.162,4,0,Mortgage,0
43,Bachelor,30.0,130.8,708.0,0.147,2,1,Rent,0
19,Master,0.0,87.1,694.0,0.078,7,0,Rent,0
23,High School,1.0,73.5,700.0,0.058,5,0,Own,0
48,Bachelor,23.0,128.0,682.0,0.178,8,0,Mortgage,0
42,PhD,16.0,172.3,665.0,0.199,7,0,Own,0
37,Bachelor,17.0,100.8,713.0,0.09,5,0,Mortgage,0
40,PhD,14.0,175.7,685.0,0.102,4,0,Rent,0
44,High School,26.0,81.8,644.0,0.198,3,0,Rent,0
33,Bachelor,11.0,112.5,681.0,0.076,9,0,Mortgage,0
30,High School,13.0,87.1,653.0,0.345,4,0,Own,0
42,Master,19.0,122.1,673.0,0.246,8,0,Rent,0
28,PhD,0.0,132.4,706.0,0.089,4,0,Mortgage,0
44,High School,26.0,127.2,696.0,0.237,2,1,Mortgage,0
19,Bachelor,0.0,44.7,646.0,0.077,2,1,Rent,0
52,High School,35.0,131.5,668.0,0.297,5,0,Rent,0
45,Bachelor,32.0,92.6,707.0,0.08,8,1,Mortgage,0
43,Bachelor,23.0,111.5,696.0,0.152,5,0,Mortgage,0
51,PhD,23.0,196.4,765.0,0.186,6,0,Mortgage,0
59,Bachelor,40.0,149.3,720.0,0.453,3,0,Rent,0
52,Bachelor,32.0,126.4,716.0,0.085,5,0,Mortgage,0
18,High School,2.0,53.0,635.0,0.082,8,0,Rent,0
24,High School,8.0,99.0,710.0,0.041,4,0,Own,0
32,High School,21.0,56.5,669.0,0.543,5,0,Rent,0
40,High School,19.0,84.2,658.0,0.171,1,0,Own,0
46,Master,24.0,164.5,701.0,0.351,5,0,Own,0
31,Bachelor,7.0,129.9,721.0,0.103,6,0,Own,0
42,Bachelor,22.0,122.4,700.0,0.112,3,0,Own,0
30,High School,10.0,61.4,647.0,0.161,6,0,Rent,0
32,Master,7.0,145.4,719.0,0.165,5,0,Own,0
23,Master,0.0,119.9,675.0,0.271,5,0,Own,0
28,High School,13.0,86.2,688.0,0.175,6,0,Own,0
23,Master,2.0,83.8,674.0,0.123,6,1,Own,0
28,Bachelor,3.0,95.3,678.0,0.55,7,1,Own,0
52,High School,35.0,121.6,703.0,,6,0,Rent,0
28,Bachelor,4.0,101.0,655.0,0.085,5,0,Mortgage,0
70,Bachelor,45.0,201.8,753.0,0.078,6,0,Mortgage,0
45,High School,27.0,123.2,629.0,0.279,6,1,Mortgage,0
42,PhD,14.0,137.8,672.0,0.232,5,0,Own,0
29,Master,13.0,128.6,705.0,0.147,10,0,Own,0
48,Bachelor,28.0,140.7,705.0,0.074,4,0,Own,0
33,Bachelor,7.0,116.3,685.0,0.186,8,0,Mortgage,0
41,Bachelor,18.0,144.0,690.0,0.306,6,0,Own,0
70,Bachelor,50.0,163.3,696.0,0.465,4,0,Rent,0
38,Bachelor,23.0,115.5,678.0,0.1,5,0,Own,0
53,High School,31.0,118.0,720.0,,4,0,Own,0
31,Bachelor,4.0,78.5,703.0,0.23,6,0,Mortgage,0
39,Master,,133.2,716.0,0.122,2,0,Mortgage,0
61,Bachelor,41.0,199.7,670.0,0.048,2,0,Mortgage,0
32,High School,12.0,56.4,668.0,0.147,9,1,Rent,0
61,Master,39.0,171.5,681.0,0.054,1,0,Mortgage,0
48,High School,23.0,125.6,,0.325,3,0,Rent,0
33,High School,16.0,87.8,690.0,0.13,4,0,Mortgage,0
47,High School,30.0,112.3,664.0,0.159,3,0,Own,0
51,Bachelor,32.0,122.5,700.0,0.087,2,0,Rent,0
47,Master,20.0,147.5,658.0,0.164,6,0,Rent,0
21,Bachelor,0.0,70.6,732.0,0.392,2,0,Rent,0
31,High School,11.0,49.2,642.0,0.349,7,0,Mortgage,0
37,Master,14.0,141.9,700.0,0.063,10,0,Mortgage,0
39,Master,13.0,142.4,716.0,,1,0,Rent,0
47,Master,22.0,144.8,672.0,0.148,2,0,Rent,0
42,High School,22.0,107.4,706.0,0.131,4,0,Rent,0
23,Bachelor,3.0,102.1,652.0,0.125,4,0,Mortgage,0
44,PhD,19.0,161.4,739.0,0.105,8,0,Rent,0
47,Master,23.0,157.6,,0.061,6,0,Own,0
46,High School,29.0,107.5,661.0,0.672,2,0,Rent,1
52,High School,30.0,143.7,678.0,0.543,6,0,Own,0
50,Bachelor,,,712.0,0.12,8,0,Mortgage,0
45,PhD,17.0,,678.0,0.184,8,0,Rent,0
39,Bachelor,25.0,98.9,657.0,0.329,2,0,Rent,0
20,Bachelor,0.0,84.3,678.0,0.183,5,0,Mortgage,0
45,High School,32.0,97.5,641.0,0.112,4,0,Own,0
42,Bachelor,23.0,114.4,737.0,0.049,3,0,Own,0
43,Master,20.0,123.8,668.0,0.168,8,0,Rent,0
24,Bachelor,8.0,72.0,704.0,0.055,3,0,Own,0
27,Master,5.0,135.9,,0.374,7,1,Rent,0
52,PhD,26.0,194.0,672.0,0.163,2,0,Mortgage,0
39,High School,21.0,126.8,688.0,0.243,1,0,Mortgage,0
48,Bachelor,30.0,117.7,704.0,0.128,5,0,Mortgage,0
40,High School,26.0,101.1,674.0,0.298,4,0,Mortgage,0
40,Master,15.0,,718.0,,4,1,Rent,0
51,Bachelor,26.0,131.6,714.0,0.207,4,0,Own,0
33,Bachelor,11.0,92.2,708.0,0.124,3,0,Own,0
41,Master,15.0,150.6,680.0,0.14,0,0,Mortgage,0
34,Bachelor,12.0,102.1,651.0,0.326,2,0,Rent,0
34,PhD,10.0,154.0,680.0,0.087,3,0,Own,0
36,Bachelor,13.0,121.1,694.0,0.218,4,0,Rent,0
42,High School,24.0,138.6,706.0,0.405,2,0,Rent,0
34,Bachelor,,85.8,613.0,0.318,6,0,Rent,0
55,Master,34.0,178.9,695.0,0.1,5,0,Mortgage,0
29,Bachelor,1.0,115.2,694.0,0.24,1,0,Rent,0
37,Master,12.0,109.4,675.0,0.03,8,1,Mortgage,0
34,PhD,7.0,153.1,737.0,0.333,6,0,Rent,0
57,High School,43.0,139.0,695.0,0.792,1,0,Mortgage,0
42,PhD,13.0,150.6,733.0,,9,1,Mortgage,0
52,High School,29.0,111.6,671.0,0.418,3,1,Mortgage,0
22,High School,6.0,53.2,703.0,0.046,9,0,Own,0
43,High School,24.0,136.7,738.0,0.068,4,0,Own,0
50,Master,23.0,,729.0,0.127,3,0,Rent,0
40,Bachelor,17.0,131.7,656.0,0.147,7,0,Rent,0
52,High School,34.0,112.1,670.0,0.21,5,0,Rent,0
33,Bachelor,10.0,94.3,671.0,0.101,6,0,Mortgage,0
56,Bachelor,,168.2,707.0,0.185,3,0,Own,0
67,High School,50.0,133.8,697.0,0.325,7,0,Rent,0
35,Master,15.0,113.8,661.0,0.239,5,1,Own,0
34,Master,12.0,118.5,690.0,0.124,8,0,Mortgage,0
57,Bachelor,32.0,155.7,627.0,0.282,7,0,Mortgage,0
58,PhD,30.0,183.3,739.0,0.12,3,0,Rent,0
33,Bachelor,,111.9,671.0,0.178,5,1,Own,0
34,PhD,8.0,148.4,699.0,0.314,9,0,Mortgage,0
36,Bachelor,17.0,123.0,679.0,0.144,5,0,Rent,0
23,Bachelor,0.0,71.2,,0.054,6,1,Rent,0
28,High School,11.0,71.7,592.0,0.174,4,0,Mortgage,0
27,Master,5.0,121.9,692.0,0.316,6,0,Mortgage,0
30,Bachelor,13.0,113.4,685.0,0.336,6,1,Rent,0
39,High School,24.0,77.4,660.0,0.065,5,1,Rent,0
42,High School,27.0,109.3,733.0,0.274,6,0,Own,0
58,Bachelor,37.0,126.3,652.0,0.137,4,0,Rent,0
28,Bachelor,11.0,96.7,708.0,0.437,4,0,Rent,0
51,Master,29.0,180.5,709.0,0.055,7,0,Rent,0
37,Master,11.0,109.8,722.0,0.271,7,0,Own,0
39,High School,26.0,85.5,,0.126,5,0,Own,0
48,Master,27.0,157.5,671.0,,3,0,Own,0
26,High School,7.0,48.9,704.0,0.324,3,0,Rent,0
44,Master,19.0,128.5,699.0,0.359,3,0,Rent,0
41,Master,,140.9,,0.02,2,0,Rent,0
45,Bachelor,25.0,120.5,667.0,0.328,6,0,Rent,0
43,Master,20.0,132.5,699.0,0.158,3,0,Rent,0
69,Bachelor,48.0,189.2,717.0,0.17,3,0,Mortgage,0
32,Bachelor,16.0,110.3,666.0,0.052,11,0,Rent,0
33,Master,13.0,120.0,602.0,0.258,4,0,Mortgage,0
32,Bachelor,11.0,98.9,699.0,0.683,10,0,Rent,0
33,Bachelor,14.0,111.6,650.0,0.107,8,0,Rent,0
32,Bachelor,7.0,102.1,624.0,0.382,3,0,Own,1
54,Master,32.0,164.9,607.0,0.166,7,0,Rent,0
57,Bachelor,41.0,146.5,709.0,0.111,5,0,Mortgage,0
33,High School,15.0,83.3,682.0,0.043,3,0,Mortgage,0
30,Master,4.0,95.2,676.0,0.419,5,1,Mortgage,0
45,Master,,139.5,,0.181,6,0,Own,0
33,High School,12.0,73.8,694.0,0.116,5,0,Rent,0
47,High School,27.0,97.3,724.0,0.132,5,0,Rent,0
42,High School,23.0,107.9,639.0,0.273,2,0,Rent,0
21,Bachelor,0.0,85.2,684.0,0.116,6,0,Own,0
58,Bachelor,37.0,167.7,,0.073,5,0,Mortgage,0
61,Master,,165.5,682.0,0.152,4,0,Mortgage,0
32,Bachelor,8.0,110.1,679.0,0.149,7,0,Rent,0
35,Bachelor,18.0,118.3,706.0,0.146,5,0,Own,0
43,Bachelor,23.0,132.7,689.0,0.117,6,0,Own,0
44,Master,24.0,125.6,704.0,0.391,6,0,Rent,0
47,Bachelor,24.0,136.2,,0.845,6,0,Rent,1
64,PhD,39.0,203.5,763.0,0.065,3,0,Mortgage,0
37,Bachelor,12.0,114.1,676.0,0.017,5,0,Rent,0
30,High School,15.0,48.7,641.0,0.138,4,0,Rent,0
23,Bachelor,,,692.0,0.019,8,1,Rent,0
31,Bachelor,11.0,135.2,670.0,0.038,3,0,Own,0
39,Bachelor,14.0,112.6,728.0,,2,0,Mortgage,0
61,High School,41.0,131.1,670.0,0.271,1,0,Rent,0
33,High School,17.0,91.6,664.0,0.137,7,0,Mortgage,0
42,Master,16.0,138.7,676.0,0.011,3,0,Rent,0
39,High School,23.0,115.9,706.0,0.135,2,0,Mortgage,0
54,Master,,139.1,679.0,0.144,4,1,Own,0
70,High School,50.0,171.0,667.0,0.145,6,0,Rent,0
33,Bachelor,8.0,114.9,737.0,0.353,2,0,Mortgage,0
34,Bachelor,14.0,105.9,659.0,0.313,7,0,Mortgage,0
52,Bachelor,32.0,149.1,689.0,0.176,4,0,Mortgage,0
48,Bachelor,24.0,151.4,710.0,0.598,10,0,Own,0
62,High School,46.0,157.1,637.0,,8,0,Mortgage,0
47,High School,30.0,96.9,,0.151,6,0,Mortgage,0
35,Bachelor,12.0,122.3,657.0,0.164,7,0,Own,0
47,Bachelor,22.0,133.0,711.0,0.042,3,0,Mortgage,0
53,PhD,20.0,177.1,667.0,0.166,4,0,Own,0
49,Master,27.0,149.1,,,8,0,Rent,0
46,Master,18.0,139.7,722.0,0.095,5,0,Rent,0
52,Master,29.0,171.9,721.0,0.182,4,1,Mortgage,0
54,Bachelor,32.0,146.7,694.0,0.05,4,0,Own,0
56,High School,41.0,115.2,669.0,0.213,5,0,Rent,0
47,PhD,19.0,158.1,676.0,0.082,5,0,Rent,0
37,Bachelor,15.0,116.7,730.0,0.124,4,0,Rent,0
41,Bachelor,22.0,140.4,670.0,0.241,3,0,Rent,0
54,High School,38.0,,652.0,0.156,6,0,Own,0
30,Bachelor,9.0,87.2,701.0,0.209,8,0,Mortgage,0
44,Bachelor,24.0,165.3,673.0,0.23,5,0,Mortgage,0
35,Master,7.0,124.0,661.0,0.154,5,0,Mortgage,0
40,Bachelor,21.0,139.1,648.0,0.218,3,0,Mortgage,0
55,Bachelor,35.0,147.7,672.0,0.093,5,1,Rent,0
42,PhD,11.0,162.0,695.0,0.239,5,1,Rent,0
40,High School,22.0,,691.0,0.139,10,1,Rent,0
23,Bachelor,1.0,104.3,718.0,0.398,4,0,Own,0
48,High School,30.0,131.9,,0.185,4,0,Mortgage,0
47,Master,25.0,157.1,687.0,0.105,9,0,Own,0
65,PhD,42.0,195.3,690.0,0.242,5,0,Mortgage,0
36,High School,22.0,83.4,692.0,0.409,4,1,Own,0
42,Master,15.0,139.0,728.0,0.113,2,1,Mortgage,0
42,High School,26.0,118.0,688.0,0.098,4,0,Own,0
58,PhD,34.0,182.7,681.0,0.006,4,0,Own,0
38,Master,16.0,142.0,663.0,0.185,5,1,Mortgage,0
43,Master,,157.8,652.0,,2,0,Own,0
47,High School,36.0,,696.0,0.241,8,0,Mortgage,0
42,PhD,18.0,141.4,708.0,0.245,3,0,Rent,0
34,Master,11.0,115.9,705.0,0.044,5,0,Own,0
42,Bachelor,24.0,128.6,683.0,0.312,4,0,Mortgage,0
52,Master,29.0,146.1,730.0,0.086,5,0,Rent,0
27,High School,10.0,94.3,670.0,0.114,7,0,Mortgage,0
41,Master,16.0,138.4,719.0,0.214,6,1,Rent,0
31,High School,18.0,82.6,678.0,0.061,7,0,Rent,0
54,Master,,136.5,665.0,0.099,3,0,Rent,0
21,Bachelor,4.0,62.3,695.0,0.056,8,1,Own,0
33,High School,17.0,90.2,692.0,0.331,3,0,Rent,0
44,High School,22.0,76.0,681.0,0.122,6,0,Rent,0
58,High School,42.0,151.2,688.0,0.051,6,0,Rent,0
39,Bachelor,11.0,115.6,684.0,0.054,6,0,Rent,0
33,Bachelor,13.0,154.6,771.0,0.294,3,0,Rent,0
62,Bachelor,43.0,198.6,734.0,0.079,1,0,Own,0
22,High School,3.0,61.3,699.0,0.112,6,0,Rent,0
18,High School,1.0,54.4,680.0,0.172,5,0,Rent,0
45,Master,27.0,154.9,724.0,0.129,2,0,Own,0
33,High School,14.0,111.5,702.0,0.024,4,0,Own,0
27,PhD,0.0,99.4,,0.26,10,0,Own,0
48,Master,29.0,119.2,672.0,0.137,3,1,Mortgage,0
42,Bachelor,26.0,114.7,680.0,,11,0,Mortgage,0
33,Bachelor,12.0,114.7,592.0,0.273,2,0,Own,0
24,Master,4.0,,695.0,0.018,3,0,Own,0
50,High School,37.0,136.0,671.0,0.275,3,0,Mortgage,0
47,High School,27.0,96.0,723.0,0.742,2,0,Rent,0
38,High School,19.0,61.3,669.0,0.224,3,1,Mortgage,0
62,Master,42.0,186.9,659.0,0.402,6,0,Mortgage,0
27,High School,15.0,61.6,673.0,0.323,6,0,Rent,0
21,Bachelor,1.0,51.7,643.0,0.268,7,0,Own,0
31,PhD,1.0,134.2,708.0,0.331,3,0,Mortgage,0
39,Master,21.0,139.9,701.0,,5,0,Mortgage,0
42,Bachelor,19.0,122.2,714.0,0.381,2,0,Rent,0
37,High School,18.0,,653.0,0.054,5,0,Rent,0
44,Master,22.0,135.6,689.0,0.346,4,0,Rent,0
24,Bachelor,7.0,82.4,641.0,0.136,1,0,Rent,0
57,High School,42.0,113.8,696.0,0.39,3,0,Mortgage,0
39,High School,,87.3,692.0,0.238,3,0,Mortgage,0
53,PhD,27.0,183.8,713.0,0.053,8,0,Rent,0
44,Bachelor,23.0,,687.0,0.427,10,0,Mortgage,0
45,Master,23.0,,702.0,0.086,4,0,Own,0
46,Master,15.0,127.1,733.0,0.13,5,0,Own,0
45,Bachelor,23.0,127.3,677.0,0.495,6,0,Rent,1
47,Bachelor,26.0,101.3,681.0,0.186,3,0,Own,0
55,Bachelor,30.0,152.7,655.0,0.126,11,1,Rent,0
42,Bachelor,22.0,145.4,666.0,0.157,5,1,Own,0
48,Bachelor,26.0,113.9,683.0,0.123,5,0,Mortgage,0
38,Master,20.0,117.2,719.0,0.294,3,1,Mortgage,0
57,Bachelor,40.0,158.9,681.0,0.127,7,0,Rent,0
31,Master,6.0,130.8,686.0,0.161,2,0,Own,0
61,Bachelor,39.0,155.3,673.0,0.253,5,0,Rent,0
39,Bachelor,17.0,107.6,666.0,0.233,4,0,Mortgage,0
22,Bachelor,0.0,54.5,684.0,0.093,6,1,Rent,0
41,Bachelor,,123.6,641.0,0.297,4,0,Own,0
31,Master,5.0,142.6,735.0,0.108,5,1,Own,0
50,High School,29.0,124.2,662.0,,3,0,Rent,0
32,Bachelor,,103.7,706.0,0.027,5,1,Own,0
34,High School,18.0,92.8,642.0,0.145,6,0,Mortgage,0
18,Bachelor,0.0,75.8,703.0,0.035,3,0,Mortgage,0
34,Bachelor,15.0,95.8,701.0,0.082,7,0,Own,0
18,Bachelor,0.0,88.3,699.0,0.165,4,0,Rent,0
20,PhD,0.0,113.4,664.0,0.365,2,1,Own,0
49,Bachelor,30.0,138.3,694.0,0.133,12,0,Mortgage,0
49,Master,25.0,133.4,650.0,0.043,4,0,Rent,0
45,Bachelor,25.0,149.6,684.0,0.153,2,0,Rent,0
28,Bachelor,5.0,106.0,718.0,0.355,7,1,Rent,0
39,High School,21.0,89.7,701.0,0.131,1,0,Rent,0
39,High School,21.0,,684.0,0.408,0,0,Rent,0
26,Bachelor,2.0,84.5,653.0,0.164,3,0,Rent,0
58,Bachelor,36.0,144.3,703.0,0.276,10,0,Rent,0
50,High School,28.0,108.6,678.0,0.196,2,0,Rent,0
37,High School,18.0,,602.0,0.395,9,0,Own,0
40,High School,22.0,107.1,705.0,0.625,3,1,Own,0
42,PhD,14.0,126.5,686.0,0.113,6,0,Rent,0
18,Bachelor,0.0,57.6,714.0,0.188,5,0,Rent,0
37,Bachelor,,82.9,643.0,0.365,3,1,Rent,0
31,High School,15.0,80.7,583.0,0.202,8,0,Mortgage,0
27,Bachelor,8.0,91.7,692.0,0.026,4,0,Own,0
36,High School,17.0,87.1,686.0,0.132,5,0,Own,0
61,High School,40.0,126.4,626.0,0.2,4,0,Own,0
47,Bachelor,22.0,116.4,652.0,0.469,4,0,Rent,0
33,High School,14.0,93.0,764.0,0.18,3,0,Rent,0
46,High School,27.0,103.7,668.0,0.077,5,0,Mortgage,0
